<DataSet>
  <Row>
    <TabelaID_Int>645</TabelaID_Int>
    <Descricao>2024/020 Tab.ag 2024/020   O</Descricao>
  </Row>
  <Row>
    <TabelaID_Int>646</TabelaID_Int>
    <Descricao>2024/021 Tab. AG 2024/021  R</Descricao>
  </Row>
  <Row>
    <TabelaID_Int>647</TabelaID_Int>
    <Descricao>2024/022 Tab. AG 2024/022    RC</Descricao>
  </Row>
  <Row>
    <TabelaID_Int>651</TabelaID_Int>
    <Descricao>2024/026 Nacional Tab.2024/026</Descricao>
  </Row>
  <Row>
    <TabelaID_Int>652</TabelaID_Int>
    <Descricao>2024/027 Nacional Tab.2024/027  braRC</Descricao>
  </Row>
</DataSet>
